{
  "project_info": {
    "project_number": "610383761794",
    "firebase_url": "https://myproject-294113-default-rtdb.firebaseio.com",
    "project_id": "myproject-294113",
    "storage_bucket": "myproject-294113.appspot.com"
  },
  "client": [
    {
      "client_info": {
        "mobilesdk_app_id": "1:610383761794:android:6e30369d053c82825fff9b",
        "android_client_info": {
          "package_name": "com.r.myapplication"
        }
      },
      "oauth_client": [
        {
          "client_id": "610383761794-devjkhfo5vno4r6gsk3tkqlujji9aij2.apps.googleusercontent.com",
          "client_type": 3
        }
      ],
      "api_key": [
        {
          "current_key": "AIzaSyA1TOeuI8jFqmvDXtjCxdpVr8RBBrZegGg"
        }
      ],
      "services": {
        "appinvite_service": {
          "other_platform_oauth_client": [
            {
              "client_id": "610383761794-devjkhfo5vno4r6gsk3tkqlujji9aij2.apps.googleusercontent.com",
              "client_type": 3
            }
          ]
        }
      }
    }
  ],
  "configuration_version": "1"
}